Name,Age
Ali,12
Ashraf,22
Asad,32
Ahsan,42
Arslan,54
Ali,12
Ashraf,22
Asad,32
Ahsan,42
Arslan,54
Ali,12
Ashraf,22
Asad,32
Ahsan,42
Arslan,54
Ali,12
Ashraf,22
Asad,32
Ahsan,42
Arslan,54
Ali,12
Ashraf,22
Asad,32
Ahsan,42
Arslan,54
Ali,12
Ashraf,22
Asad,32
Ahsan,42
Arslan,54
Ali,12
Ashraf,22
Asad,32
Ahsan,42
Arslan,54
Ali,12
Ashraf,22
Asad,32
Ahsan,42
Arslan,54
Ali,12
Ashraf,22
Asad,32
Ahsan,42
Arslan,54
Ali,12
Ashraf,22
Asad,32
Ahsan,42
Arslan,54
Ali,12
Ashraf,22
Asad,32
Ahsan,42
Arslan,54
Ali,12
Ashraf,22
Asad,32
Ahsan,42
Arslan,54
Ali,12
Ashraf,22
Asad,32
Ahsan,42
Arslan,54
Ali,12
Ashraf,22
Asad,32
Ahsan,42
Arslan,54
Ali,12
Ashraf,22
Asad,32
Ahsan,42
Arslan,54
Ali,12
Ashraf,22
Asad,32
Ahsan,42
Arslan,54
Ali,12
Ashraf,22
Asad,32
Ahsan,42
Arslan,54
Ali,12
Ashraf,22
Asad,32
Ahsan,42
Arslan,54
Ali,12
Ashraf,22
Asad,32
Ahsan,42
Arslan,54
Ali,12
Ashraf,22
Asad,32
Ahsan,42
Arslan,54
Ali,12
Ashraf,22
Asad,32
Ahsan,42
Arslan,54
Ali,12
Ashraf,22
Asad,32
Ahsan,42
Arslan,54
Ali,12
Ashraf,22
Asad,32
Ahsan,42
Arslan,54
Ali,12
Ashraf,22
Asad,32
Ahsan,42
Arslan,54
